"","Release Age","Season","count","Scale Age 1","Scale Age 2"
"1",1,"fall",58,1.72413793103448,98.2758620689655
"2",1,"spring",1,NA,100
"3",1,"summer",5,20,80
"4",2,"spring",2639,1.97044334975369,98.0295566502463
